Rk,Player,Pos,Age,Tm,G,GS,MP,FG,3P,DRB,TRB
1,Precious Achiuwa,C,23,TOR,55,12,20.7,3.6,0.5,4.1,6
2,Steven Adams,C,29,MEM,42,42,27,3.7,0,6.5,11.5
3,Bam Adebayo,C,25,MIA,75,75,34.6,8,0,6.7,9.2
4,Ochai Agbaji,SG,22,UTA,59,22,20.5,2.8,1.4,1.3,2.1
5,Santi Aldama,PF,22,MEM,77,20,21.8,3.2,1.2,3.7,4.8
6,Nickeil Alexander-Walker,SG,24,TOT,59,3,15,2.2,1,1.5,1.7
6,Nickeil Alexander-Walker,SG,24,UTA,36,3,14.7,2.3,1,1.4,1.6
6,Nickeil Alexander-Walker,SG,24,MIN,23,0,15.5,2.1,1.1,1.5,1.8
7,Grayson Allen,SG,27,MIL,72,70,27.4,3.4,2,2.4,3.3
8,Jarrett Allen,C,24,CLE,68,68,32.6,5.9,0,6.5,9.8
9,Jose Alvarado,PG,24,NOP,61,10,21.5,3.3,1.4,1.9,2.3
10,Kyle Anderson,PF,29,MIN,69,46,28.4,3.7,0.6,4.4,5.3
11,Giannis Antetokounmpo,PF,28,MIL,63,63,32.1,11.2,0.7,9.6,11.8
12,Thanasis Antetokounmpo,SF,30,MIL,37,0,5.6,0.5,0,0.8,1.2
13,Cole Anthony,PG,22,ORL,60,4,25.9,4.6,1.3,4,4.8
14,OG Anunoby,SF,25,TOR,67,67,35.6,6.3,2.1,3.5,5
15,Ryan Arcidiacono,PG,28,TOT,20,4,8.6,0.5,0.4,0.8,0.8
15,Ryan Arcidiacono,PG,28,NYK,11,0,2.4,0.1,0.1,0.4,0.4
15,Ryan Arcidiacono,PG,28,POR,9,4,16.2,0.9,0.8,1.2,1.2
16,Deni Avdija,SF,22,WAS,76,40,26.6,3.3,0.9,5.4,6.4
17,Deandre Ayton,C,24,PHO,67,67,30.4,7.8,0.1,7.4,10
18,Udoka Azubuike,C,23,UTA,36,4,10,1.6,0,2.4,3.3
19,Marvin Bagley III,C,23,DET,42,25,23.6,4.8,0.5,4.2,6.4
20,Patrick Baldwin Jr.,SF,20,GSW,31,0,7.3,1.4,1,1.3,1.3
21,LaMelo Ball,PG,21,CHO,36,36,35.2,8.2,4,5.3,6.4
22,Mo Bamba,C,24,TOT,49,7,15.7,2.4,1,3.4,4.6
22,Mo Bamba,C,24,ORL,40,6,17,2.7,1.1,3.4,4.6
22,Mo Bamba,C,24,LAL,9,1,9.8,1.2,0.6,3.3,4.6
23,Paolo Banchero,PF,20,ORL,72,72,33.8,6.7,1.2,5.7,6.9
24,Desmond Bane,SG,24,MEM,58,58,31.7,7.8,2.9,4.3,5
25,Dalano Banton,PG,23,TOR,31,2,9,1.8,0.5,1.1,1.5
26,Dominick Barlow,SF,19,SAS,28,0,14.6,1.6,0,2,3.6
27,Harrison Barnes,PF,30,SAC,82,82,32.5,4.6,1.6,3.4,4.5
28,Scottie Barnes,PF,21,TOR,77,76,34.8,6,0.8,4.3,6.6
29,RJ Barrett,SG,22,NYK,73,73,33.9,7,1.7,4.2,5
30,Will Barton,SG,32,TOT,56,2,17.7,2.5,1.2,2.2,2.4
30,Will Barton,SG,32,WAS,40,0,19.6,2.8,1.3,2.5,2.8
30,Will Barton,SG,32,TOR,16,2,13.2,1.8,0.9,1.3,1.6
31,Charles Bassey,C,22,SAS,35,2,14.5,2.5,0.1,3.4,5.5
32,Keita Bates-Diop,SF,27,SAS,67,42,21.7,3.5,0.8,2.7,3.7
33,Nicolas Batum,PF,34,LAC,78,19,21.9,2.1,1.6,3,3.8
34,Darius Bazley,PF,22,TOT,43,1,14.3,1.9,0.5,2.4,3.2
34,Darius Bazley,PF,22,OKC,36,1,15.4,2,0.5,2.6,3.4
34,Darius Bazley,PF,22,PHO,7,0,8.7,1.7,0.3,1.6,2.3
35,Bradley Beal,SG,29,WAS,50,50,33.5,8.9,1.6,3.1,3.9
36,Malik Beasley,SG,26,TOT,81,27,25.8,4.6,2.9,3.1,3.5
36,Malik Beasley,SG,26,UTA,55,13,26.8,4.8,3.1,3.1,3.6
36,Malik Beasley,SG,26,LAL,26,14,23.9,4,2.5,3,3.3
37,MarJon Beauchamp,SF,22,MIL,52,11,13.5,1.8,0.9,1.5,2.2
38,D?vis Bert?ns,PF,30,DAL,45,1,10.9,1.5,1.2,1,1.2
39,Patrick Beverley,PG,34,TOT,67,67,27.1,2.1,1.2,3,3.7
39,Patrick Beverley,PG,34,LAL,45,45,26.9,2.2,1.2,2.6,3.1
39,Patrick Beverley,PG,34,CHI,22,22,27.5,2.1,1.1,4,4.9
40,Saddiq Bey,SF,23,TOT,77,37,27.6,4.6,2,3.4,4.7
40,Saddiq Bey,SF,23,DET,52,30,28.8,4.7,1.9,3.5,4.7
40,Saddiq Bey,SF,23,ATL,25,7,25.2,4.3,2,3.2,4.8
41,Khem Birch,C,30,TOR,20,0,8.1,1,0.1,0.9,1.3
42,Goga Bitadze,C,23,TOT,38,1,12,1.8,0.2,2,3.6
42,Goga Bitadze,C,23,IND,21,0,9.6,1.3,0.2,1.1,2.3
42,Goga Bitadze,C,23,ORL,17,1,15,2.5,0.1,3.1,5.2
43,Bismack Biyombo,C,30,PHO,61,14,14.3,2,0,2.8,4.3
44,Buddy Boeheim,PG,23,DET,10,0,9,0.5,0.4,0.4,0.6
45,Bogdan Bogdanovi?,SG,30,ATL,54,9,27.9,5.1,2.7,2.6,3.1
46,Bojan Bogdanovi?,PF,33,DET,59,59,32.1,7.3,2.5,3.2,3.8
47,Bol Bol,PF,23,ORL,70,33,21.5,3.7,0.4,4.8,5.8
48,Leandro Bolmaro,SG,22,UTA,14,0,4.9,0.2,0,0.2,0.5
49,Devin Booker,SG,26,PHO,53,53,34.6,9.9,2.1,3.7,4.5
50,Brandon Boston Jr.,SG,21,LAC,22,1,11.3,2.3,0.5,1,1.4
51,Chris Boucher,PF,30,TOR,76,0,20,3.4,0.8,3.5,5.5
52,James Bouknight,SG,22,CHO,34,0,15.1,2,1,1.9,2.1
53,Jamaree Bouyea,PG,23,TOT,5,0,14.2,1.2,0.4,1,1.2
53,Jamaree Bouyea,PG,23,MIA,4,0,16.3,1.5,0.5,1,1.3
53,Jamaree Bouyea,PG,23,WAS,1,0,6,0,0,1,1
54,Tony Bradley,C,25,CHI,12,0,2.8,0.5,0.3,0.8,0.9
55,Malaki Branham,SF,19,SAS,66,32,23.5,4.1,1.2,2.3,2.7
56,Jarrell Brantley,PF,26,UTA,4,0,9.8,2,1,1.3,1.5
57,Christian Braun,SG,21,DEN,76,6,15.5,1.9,0.4,1.8,2.4
58,Mikal Bridges,SF,26,TOT,83,83,35.7,7.1,2,3.4,4.4
58,Mikal Bridges,SF,26,PHO,56,56,36.4,6.3,1.8,3.3,4.3
58,Mikal Bridges,SF,26,BRK,27,27,34.2,8.9,2.5,3.6,4.5
59,Oshae Brissett,SF,24,IND,65,2,16.7,1.9,0.7,2.4,3.4
60,Malcolm Brogdon,PG,30,BOS,67,0,26,5.3,2,3.6,4.2
61,Dillon Brooks,SF,27,MEM,73,73,30.3,5.4,2,2.7,3.3
62,Bruce Brown,SG,26,DEN,80,31,28.5,4.5,1.1,3.3,4.1
63,Greg Brown III,PF,21,POR,16,0,5.8,0.7,0.1,1.1,1.2
64,Jaylen Brown,SF,26,BOS,67,67,35.9,10.1,2.4,5.7,6.9
65,Kendall Brown,SG,19,IND,6,0,6.7,0.7,0,0.7,1
66,Moses Brown,C,23,TOT,36,1,8.2,1.7,0,2.3,3.9
66,Moses Brown,C,23,LAC,34,1,8.5,1.8,0,2.4,4.1
66,Moses Brown,C,23,BRK,2,0,3,0,0,0,0
67,Sterling Brown,SG,27,LAL,4,0,6,0,0,1.3,2
68,Troy Brown Jr.,SF,23,LAL,76,45,24.5,2.6,1.4,3.2,4.1
69,Jalen Brunson,PG,26,NYK,68,68,35,8.6,2,3,3.5
70,Thomas Bryant,C,25,TOT,59,26,18.3,3.9,0.4,4.3,5.7
70,Thomas Bryant,C,25,LAL,41,25,21.4,4.8,0.5,5.2,6.8
70,Thomas Bryant,C,25,DEN,18,1,11.4,1.8,0.2,2.3,3.3
71,Reggie Bullock,SF,31,DAL,78,55,30.3,2.5,1.9,3.2,3.6
72,Alec Burks,SG,31,DET,51,8,22,3.9,1.9,2.7,3.1
73,Deonte Burton,SG,29,SAC,2,0,3,0,0,0,0
74,Jared Butler,SG,22,OKC,6,1,12.8,2.5,1.2,0.5,0.7
75,Jimmy Butler,SF,33,MIA,64,64,33.4,7.5,0.6,3.7,5.9
76,John Butler,C,20,POR,19,1,11.6,0.9,0.4,0.7,0.9
77,Jamal Cain,SF,23,MIA,18,0,13.3,2.1,0.4,2.1,2.9
78,Kentavious Caldwell-Pope,SG,29,DEN,76,76,31.3,3.8,1.8,2.3,2.7
79,Facundo Campazzo,PG,31,DAL,8,0,6.5,0.4,0.4,0.3,0.3
80,Vlatko ?an?ar,PF,25,DEN,60,9,14.8,1.8,0.7,1.7,2.1
81,Clint Capela,C,28,ATL,65,63,26.6,5.4,0,7.1,11
82,Vernon Carey Jr.,C,21,WAS,11,0,2.5,0.2,0,0.7,1
83,Jevon Carter,PG,27,MIL,81,39,22.3,3,1.8,2.1,2.5
84,Wendell Carter Jr.,C,23,ORL,57,54,29.6,5.6,1.4,6.6,8.7
85,Michael Carter-Williams,PG,31,ORL,4,0,11,1.5,0.3,1,1.3
86,Alex Caruso,PG,28,CHI,67,36,23.5,1.9,0.8,2.3,2.9
87,Julian Champagnie,SF,21,TOT,17,3,18.8,3.5,1.9,2.9,3.5
87,Julian Champagnie,SF,21,PHI,2,0,3.5,0,0,0,0
87,Julian Champagnie,SF,21,SAS,15,3,20.9,3.9,2.2,3.3,4
88,Justin Champagnie,SF,21,TOT,5,0,6.8,1,0.2,1,1.6
88,Justin Champagnie,SF,21,TOR,3,0,3.7,1,0,1,1.3
88,Justin Champagnie,SF,21,BOS,2,0,11.5,1,0.5,1,2
89,Kennedy Chandler,PG,20,MEM,36,0,7.8,1,0.1,0.8,1.1
90,Max Christie,SG,19,LAL,41,3,12.5,1.1,0.6,1.7,1.8
91,Josh Christopher,SG,21,HOU,64,2,12.3,2.4,0.3,0.8,1.1
92,Brandon Clarke,PF,26,MEM,56,8,19.5,4.1,0,3.9,5.5
93,Jordan Clarkson,SG,30,UTA,61,61,32.6,7.5,2.5,2.9,4
94,Nic Claxton,C,23,BRK,76,76,29.9,5.4,0,6.8,9.2
95,Amir Coffey,SG,25,LAC,50,9,12.5,1.1,0.2,0.7,1.1
96,John Collins,PF,25,ATL,71,71,30,5.1,1,5.4,6.5
97,Zach Collins,C,25,SAS,63,26,22.9,4.5,0.9,4.5,6.4
98,Chance Comanche,C,26,POR,1,0,21,3,0,1,3
99,Mike Conley,PG,35,TOT,67,66,30.3,3.9,2,2.2,2.7
99,Mike Conley,PG,35,UTA,43,42,29.7,3.6,1.8,2.1,2.5
99,Mike Conley,PG,35,MIN,24,24,31.4,4.5,2.4,2.5,3.1
100,Pat Connaughton,SG,30,MIL,61,33,23.7,2.7,1.8,3.8,4.6
101,Xavier Cooks,PF,27,WAS,10,1,12.6,1.7,0,2.2,3.8
102,Robert Covington,PF,32,LAC,48,0,16.2,2.1,1.1,2.8,3.5
103,Torrey Craig,SF,32,PHO,79,60,24.7,2.9,1.3,3.6,5.4
104,Jae Crowder,SF,32,MIL,18,3,18.9,2.5,1.3,2.9,3.8
105,Jarrett Culver,SG,23,ATL,10,1,13.7,1.7,0.1,2.8,3.8
106,Cade Cunningham,PG,21,DET,12,12,33.3,7.8,1.4,5.2,6.2
107,Seth Curry,SG,32,BRK,61,7,19.9,3.4,1.5,1.4,1.6
108,Stephen Curry,PG,34,GSW,56,56,34.7,10,4.9,5.4,6.1
109,Dyson Daniels,PG,19,NOP,59,11,17.7,1.5,0.5,2.6,3.2
110,Anthony Davis,C,29,LAL,56,54,34,9.7,0.3,9.1,12.5
111,Johnny Davis,SG,20,WAS,28,5,15.1,2.4,0.6,2,2.3
112,Terence Davis,SG,25,SAC,64,5,13.1,2.4,1.4,1.9,2.2
113,JD Davison,PG,20,BOS,12,0,5.5,0.7,0.2,0.6,0.8
114,Darius Days,PF,23,HOU,4,0,6.3,1.3,0.8,1.3,1.5
115,Dewayne Dedmon,C,33,TOT,38,1,11.2,2,0.3,2.6,3.5
115,Dewayne Dedmon,C,33,MIA,30,0,11.7,2.1,0.4,2.7,3.6
115,Dewayne Dedmon,C,33,PHI,8,1,9.5,1.6,0.1,2.4,3.1
116,Matthew Dellavedova,PG,32,SAC,32,0,6.7,0.5,0.3,0.4,0.4
117,DeMar DeRozan,SF,33,CHI,74,74,36.2,8.9,0.6,4.2,4.6
118,Moussa Diabaté,PF,21,LAC,22,1,8.9,1.1,0,0.9,2.3
119,Mamadi Diakite,PF,26,CLE,22,2,8,1.1,0.3,1,1.4
120,Hamidou Diallo,SG,24,DET,56,0,17.8,3.8,0.1,2.4,3.5
121,Gorgui Dieng,C,33,SAS,31,1,11.5,1.5,0.7,2.6,3.5
122,Ousmane Dieng,SF,19,OKC,39,1,14.6,1.9,0.7,2.2,2.7
123,Spencer Dinwiddie,PG,29,TOT,79,79,34.5,5.8,2.3,3.1,3.4
123,Spencer Dinwiddie,PG,29,DAL,53,53,34.1,6,2.6,2.7,3.1
123,Spencer Dinwiddie,PG,29,BRK,26,26,35.3,5.5,1.7,3.8,4.1
124,Donte DiVincenzo,SG,26,GSW,72,36,26.3,3.3,2.1,3.4,4.5
125,Luka Don?i?,PG,23,DAL,66,66,36.2,10.9,2.8,7.8,8.6
126,Tyler Dorsey,SG,26,DAL,3,0,2.7,1.3,0.3,0.3,0.7
127,Luguentz Dort,SG,23,OKC,74,73,30.7,4.6,1.8,2.9,4.6
128,Ayo Dosunmu,SG,23,CHI,80,51,26.2,3.5,0.7,2.2,2.8
129,Devon Dotson,PG,23,WAS,6,0,8.8,0.2,0.2,0.7,1.7
130,Jeff Dowtin,PG,25,TOR,25,0,10.4,1,0.2,0.7,0.9
131,PJ Dozier,SG,26,SAC,16,0,4.9,0.6,0.1,0.8,0.9
132,Goran Dragi?,PG,36,TOT,58,0,15,2.4,0.9,1.1,1.4
132,Goran Dragi?,PG,36,CHI,51,0,15.4,2.5,0.9,1.1,1.4
132,Goran Dragi?,PG,36,MIL,7,0,11.9,2,1,1.3,1.7
133,Andre Drummond,C,29,CHI,67,0,12.7,2.5,0,4.6,6.6
134,Chris Duarte,SF,25,IND,46,12,19.5,2.7,1.2,2.1,2.5
135,David Duke Jr.,SG,23,BRK,23,0,9.9,1.6,0,0.8,1.3
136,Kris Dunn,PG,28,UTA,22,3,25.8,5.3,0.8,4.1,4.5
137,Kevin Durant,PF-SF,34,TOT,47,47,35.6,10.3,2,6.3,6.7
137,Kevin Durant,PF,34,BRK,39,39,36,10.5,1.8,6.4,6.7
137,Kevin Durant,SF,34,PHO,8,8,33.6,9.1,2.8,6,6.4
138,Jalen Duren,C,19,DET,67,31,24.9,3.9,0,5.5,8.9
139,Tari Eason,PF,21,HOU,82,5,21.5,3.6,0.7,3.7,6
140,Anthony Edwards,SG,21,MIN,79,79,36,8.9,2.7,5.2,5.8
141,Kessler Edwards,SF,22,TOT,36,4,10.7,1,0.5,1.1,1.7
141,Kessler Edwards,SF,22,BRK,14,1,5.6,0.4,0.1,0.6,1
141,Kessler Edwards,SF,22,SAC,22,3,13.9,1.4,0.7,1.4,2.1
142,Keon Ellis,SG,23,SAC,16,0,4.4,0.4,0.4,0.3,0.5
143,Joel Embiid,C,28,PHI,66,66,34.6,11,1,8.4,10.2
144,Drew Eubanks,C,25,POR,78,28,20.3,2.7,0.1,3.7,5.4
145,Bruno Fernando,C,24,TOT,39,4,10.4,1.5,0,2.1,3.5
145,Bruno Fernando,C,24,HOU,31,4,11.7,1.5,0,2.4,3.9
145,Bruno Fernando,C,24,ATL,8,0,5.1,1.4,0,1.1,1.9
146,Dorian Finney-Smith,PF,29,TOT,66,66,30.4,3,1.7,3.1,4.8
146,Dorian Finney-Smith,PF,29,DAL,40,40,32.2,3.2,1.9,3,4.7
146,Dorian Finney-Smith,PF,29,BRK,26,26,27.7,2.6,1.4,3.1,4.9
147,Malachi Flynn,PG,24,TOR,53,2,13,1.6,0.9,1.2,1.4
148,Simone Fontecchio,SF,27,UTA,52,6,14.7,2.2,1.2,1.1,1.7
149,Bryn Forbes,SG,29,MIN,25,0,10.7,1.2,0.6,0.4,0.6
150,Trent Forrest,PG,24,ATL,23,3,12,1.1,0,1.4,1.6
151,Michael Foster Jr.,PF,20,PHI,1,0,1,0,0,0,0
152,Evan Fournier,SG,30,NYK,27,7,17,2.1,1.3,1.7,1.8
153,De'Aaron Fox,PG,25,SAC,73,73,33.4,9.3,1.6,3.6,4.2
154,Markelle Fultz,PG,24,ORL,60,60,29.6,5.8,0.5,2.8,3.9
155,Wenyen Gabriel,PF,25,LAL,68,2,15.1,2.3,0.1,2.5,4.2
156,Daniel Gafford,C,24,WAS,78,47,20.6,3.7,0,3.5,5.6
157,Darius Garland,PG,23,CLE,69,69,35.5,7.6,2.4,2.3,2.7
158,Usman Garuba,PF,20,HOU,75,1,12.9,1.1,0.3,2.5,4.1
159,Luka Garza,C,24,MIN,28,0,8.7,2.3,0.5,1.1,2.3
160,Rudy Gay,PF,36,UTA,56,0,14.6,1.9,0.6,2.3,2.9
161,Paul George,SG,32,LAC,56,56,34.6,8.2,2.8,5.3,6.1
162,Taj Gibson,C,37,WAS,49,2,9.8,1.3,0.2,1.2,1.9
163,Josh Giddey,SG,20,OKC,76,76,31.1,7.1,1,5.9,7.9
164,Shai Gilgeous-Alexander,PG,24,OKC,68,68,35.5,10.4,0.9,4,4.8
165,Anthony Gill,PF,30,WAS,59,8,10.6,1.2,0.1,1.1,1.7
166,Jacob Gilyard,PG,24,MEM,1,0,41,1,1,4,4
167,Rudy Gobert,C,30,MIN,70,70,30.7,5.1,0,8.3,11.6
168,Jordan Goodwin,PG,24,WAS,62,7,17.8,2.5,0.6,2.4,3.3
169,Aaron Gordon,PF,27,DEN,68,68,30.2,6.3,0.9,4.1,6.6
170,Eric Gordon,SG,34,TOT,69,58,28.5,4.2,1.9,1.7,1.9
170,Eric Gordon,SG,34,HOU,47,47,30.2,4.5,1.8,1.8,2.1
170,Eric Gordon,SG,34,LAC,22,11,24.9,3.7,2.1,1.5,1.7
171,Devonte' Graham,PG,27,TOT,73,8,18.3,2.2,1.6,1.4,1.7
171,Devonte' Graham,PG,27,NOP,53,0,15.3,1.6,1.2,1.1,1.4
171,Devonte' Graham,PG,27,SAS,20,8,26.4,3.8,2.7,2.2,2.5
172,Jerami Grant,PF,28,POR,63,63,35.7,6.9,2.3,3.7,4.5
173,RaiQuan Gray,PF,23,BRK,1,0,35,6,2,6,9
174,A.J. Green,SG,23,MIL,35,1,9.9,1.5,1.3,1.1,1.3
175,Danny Green,SG,35,TOT,11,0,12.5,2,1.5,1,1.3
175,Danny Green,SG,35,MEM,3,0,14.3,1,1,1,1.3
175,Danny Green,SG,35,CLE,8,0,11.9,2.4,1.6,1,1.3
176,Draymond Green,PF,32,GSW,73,73,31.5,3.4,0.5,6.3,7.2
177,Jalen Green,SG,20,HOU,76,76,34.2,7.4,2.5,3.2,3.7
178,JaMychal Green,PF,32,GSW,57,1,14,2.4,0.7,2.3,3.6
179,Javonte Green,SG,29,CHI,32,1,15,1.9,0.4,1.9,2.8
180,Jeff Green,PF,36,DEN,56,4,19.5,2.9,0.5,1.9,2.6
181,Josh Green,SG,22,DAL,60,21,25.7,3.4,1.1,2.1,3
182,AJ Griffin,SF,19,ATL,72,12,19.5,3.4,1.4,1.6,2.1
183,Blake Griffin,C,33,BOS,41,16,13.9,1.5,0.6,2.6,3.8
184,Quentin Grimes,SG,22,NYK,71,66,29.9,4,2.2,2.5,3.2
185,Rui Hachimura,PF,24,TOT,63,9,23.3,4.5,0.8,3.7,4.5
185,Rui Hachimura,PF,24,WAS,30,0,24.3,5.3,1,3.6,4.3
185,Rui Hachimura,PF,24,LAL,33,9,22.4,3.8,0.6,3.7,4.7
186,Tyrese Haliburton,PG,22,IND,56,56,33.6,7.4,2.9,3.1,3.7
187,Jordan Hall,SF,21,SAS,9,0,9.2,1,0.3,1,1.3
188,R.J. Hampton,PG,21,TOT,47,3,16,2.2,0.9,1.5,1.9
188,R.J. Hampton,PG,21,ORL,26,0,13.9,1.9,0.7,1.2,1.5
188,R.J. Hampton,PG,21,DET,21,3,18.5,2.5,1.1,1.9,2.3
189,Tim Hardaway Jr.,SG,30,DAL,71,45,30.3,4.8,3,3.2,3.5
190,James Harden,PG,33,PHI,58,58,36.8,6.4,2.8,5.4,6.1
191,Jaden Hardy,SG,20,DAL,48,5,14.8,3,1.3,1.6,1.9
192,Ron Harper Jr.,SF,22,TOR,9,0,5.3,0.9,0.3,0.4,0.8
193,Montrezl Harrell,C,29,PHI,57,7,11.9,2.2,0,1.6,2.8
194,Gary Harris,SG,28,ORL,48,42,24.7,2.9,2,1.6,2
195,Joe Harris,SG,31,BRK,74,33,20.6,2.7,1.9,1.9,2.2
196,Kevon Harris,SG,25,ORL,34,0,13.4,1.4,0.5,1.2,2.1
197,Tobias Harris,PF,30,PHI,74,74,32.9,5.7,1.7,4.8,5.7
198,Shaquille Harrison,SG,29,POR,5,0,24,3,0.6,4.2,4.4
199,Josh Hart,SF-SG,27,TOT,76,52,32.3,3.6,0.8,5.9,7.8
199,Josh Hart,SF,27,POR,51,51,33.4,3.6,0.7,6.3,8.2
199,Josh Hart,SG,27,NYK,25,1,30,3.7,1.1,5.2,7
200,Isaiah Hartenstein,C,24,NYK,82,8,19.8,2.1,0.1,4,6.5
201,Udonis Haslem,C,42,MIA,7,1,10.1,1.4,0.4,1,1.6
202,Sam Hauser,PF,25,BOS,80,8,16.1,2.3,1.8,2.1,2.6
203,Jaxson Hayes,C,22,NOP,47,2,13,1.8,0.1,2,2.8
204,Killian Hayes,PG,21,DET,76,56,28.3,4,1.1,2.5,2.9
205,Gordon Hayward,SF,32,CHO,50,50,31.5,5.5,1,3.6,4.3
206,Juancho Hernangómez,PF,27,TOR,42,10,14.6,1.1,0.4,2.3,2.9
207,Willy Hernangómez,C,28,NOP,38,2,12.1,2.3,0.1,3.2,4.7
208,Tyler Herro,SG,23,MIA,67,67,34.9,7.3,3,5,5.4
209,Buddy Hield,SF,30,IND,80,73,31,5.9,3.6,4.2,5
210,Haywood Highsmith,SF,26,MIA,54,11,17.9,1.7,0.7,2.4,3.5
211,George Hill,PG,36,TOT,46,1,18.1,1.7,0.7,1.5,1.8
211,George Hill,PG,36,MIL,35,0,19.1,1.7,0.7,1.5,1.9
211,George Hill,PG,36,IND,11,1,15.1,1.7,1,1.5,1.6
212,Malcolm Hill,SF,27,CHI,5,0,1.8,0.4,0.2,0.6,0.6
213,Aaron Holiday,PG,26,ATL,63,6,13.4,1.5,0.6,0.8,1.2
214,Jrue Holiday,PG,32,MIL,67,65,32.6,7.3,2.4,3.9,5.1
215,Justin Holiday,SG,33,TOT,46,2,15.3,1.7,1,1.1,1.2
215,Justin Holiday,SG,33,ATL,28,0,14.7,1.7,1.1,0.8,0.8
215,Justin Holiday,SG,33,DAL,18,2,16.4,1.6,0.9,1.6,1.8
216,Richaun Holmes,C,29,SAC,42,1,8.3,1.3,0.1,1.2,1.9
217,Al Horford,C,36,BOS,63,63,30.5,3.6,2.3,5,6.2
218,Talen Horton-Tucker,SG,22,UTA,65,20,20.2,4,0.9,2.6,3.2
219,Danuel House Jr.,SF,29,PHI,56,5,14.4,1.7,0.7,1.5,1.7
220,Caleb Houstan,SF,20,ORL,51,4,15.9,1.3,0.9,1.3,1.9
221,Trevor Hudgins,PG,23,HOU,5,0,5.6,0.4,0.4,0,0
222,Kevin Huerter,SG,24,SAC,75,75,29.4,5.6,2.7,2.8,3.3
223,Jay Huff,C,24,WAS,7,0,13.6,2.1,0.9,2.1,3
224,De'Andre Hunter,SF,25,ATL,67,67,31.7,5.7,1.5,3.6,4.2
225,Bones Hyland,PG,22,TOT,56,1,19.4,4.1,2.1,2.1,2.4
225,Bones Hyland,PG,22,DEN,42,1,19.5,4.1,2.2,1.8,2
225,Bones Hyland,PG,22,LAC,14,0,18.9,3.9,1.9,2.8,3.5
226,Serge Ibaka,C,33,MIL,16,0,11.6,1.6,0.4,1.8,2.8
227,Andre Iguodala,SF,39,GSW,8,0,14.1,0.9,0.1,1.8,2.1
228,Joe Ingles,SF,35,MIL,46,0,22.7,2.3,1.8,2.5,2.8
229,Brandon Ingram,SF,25,NOP,45,45,34.2,9,1.4,5,5.5
230,Kyrie Irving,PG,30,TOT,60,60,37.4,9.9,3.1,4.1,5.1
230,Kyrie Irving,PG,30,BRK,40,40,37,10,3.3,4.2,5.1
230,Kyrie Irving,PG,30,DAL,20,20,38.2,9.8,2.9,4,5
231,Jonathan Isaac,PF,25,ORL,11,0,11.3,2,0.5,2.6,4
232,Jaden Ivey,SG,20,DET,74,73,31.1,5.5,1.6,2.9,3.9
233,Frank Jackson,PG,24,UTA,1,0,5,0,0,1,2
234,Isaiah Jackson,C,21,IND,63,12,16.5,2.8,0,2.7,4.5
235,Jaren Jackson Jr.,C,23,MEM,63,63,28.4,6.6,1.6,5,6.8
236,Justin Jackson,SF,27,BOS,23,0,4.7,0.3,0.2,0.7,0.7
237,Quenton Jackson,PG,24,WAS,9,0,15,2.1,0.1,0.7,0.9
238,Reggie Jackson,PG,32,TOT,68,40,24.4,3.9,1.4,1.8,2.1
238,Reggie Jackson,PG,32,LAC,52,38,25.7,4.1,1.5,1.8,2.2
238,Reggie Jackson,PG,32,DEN,16,2,19.9,3.1,1.2,1.6,1.8
239,LeBron James,PF,38,LAL,55,54,35.5,11.1,2.2,7.1,8.3
240,Ty Jerome,SG,25,GSW,45,2,18.1,2.6,0.8,1.6,1.7
241,Isaiah Joe,SG,23,OKC,73,10,19.1,3.1,2.2,2,2.4
242,Alize Johnson,PF,26,SAS,4,0,7.5,0.8,0,2,2.5
243,Cameron Johnson,PF,26,TOT,42,41,28.5,5.3,2.5,3.6,4.4
243,Cameron Johnson,PF,26,PHO,17,16,25.2,4.8,2.6,3,3.8
243,Cameron Johnson,PF,26,BRK,25,25,30.8,5.6,2.3,4,4.8
244,Jalen Johnson,SF,21,ATL,70,6,14.9,2.3,0.4,3.3,4
245,James Johnson,PF,35,IND,18,1,9,1.2,0.2,1.4,1.7
246,Keldon Johnson,SF,23,SAS,63,63,32.7,8,2.1,4.2,5
247,Keon Johnson,SG,20,POR,40,0,10.4,1.7,0.7,0.8,1.1
248,Stanley Johnson,SF,26,SAS,30,0,15.6,2.2,0.6,2.4,3.2
249,Nikola Joki?,C,27,DEN,69,69,33.7,9.4,0.8,9.4,11.8
250,Carlik Jones,PG,25,CHI,7,0,8,0.9,0.4,0.6,0.7
251,Damian Jones,C,27,TOT,41,1,11.6,1.3,0.2,2,3
251,Damian Jones,C,27,LAL,22,1,8,0.9,0,1.7,2.5
251,Damian Jones,C,27,UTA,19,0,15.8,1.8,0.5,2.3,3.5
252,Derrick Jones Jr.,SF,25,CHI,64,0,14,1.8,0.4,1.5,2.4
253,Herbert Jones,SF,24,NOP,66,66,29.6,3.6,0.8,2.6,4.1
254,Kai Jones,C,22,CHO,46,0,12,1.5,0.1,1.9,2.7
255,Tre Jones,PG,23,SAS,68,65,29.2,5,0.7,2.8,3.6
256,Tyus Jones,PG,26,MEM,80,22,24.3,3.9,1.5,2.2,2.5
257,DeAndre Jordan,C,34,DEN,39,8,15,2.3,0,3.8,5.2
258,Cory Joseph,PG,31,DET,62,2,19.8,2.4,1.1,1.4,1.7
259,Nikola Jovi?,PF,19,MIA,15,8,13.6,1.9,0.5,1.5,2.1
260,Johnny Juzang,SF,21,UTA,18,0,12.9,1.9,0.8,1.7,2.2
261,Mfiondu Kabengele,PF,25,BOS,4,0,9,0.5,0,1.3,2.5
262,Frank Kaminsky,C,29,TOT,36,0,6.5,0.9,0.4,1.3,1.4
262,Frank Kaminsky,C,29,ATL,26,0,6.8,1,0.4,1.3,1.4
262,Frank Kaminsky,C,29,HOU,10,0,5.9,0.6,0.2,1.2,1.6
263,Trevor Keels,SG,19,NYK,3,0,2.7,0.3,0.3,0.7,0.7
264,Luke Kennard,SG,26,TOT,59,14,22.3,3.2,2.3,2.4,2.7
264,Luke Kennard,SG,26,LAC,35,11,20.7,2.8,1.7,2.2,2.4
264,Luke Kennard,SG,26,MEM,24,3,24.6,3.8,3.1,2.8,3.1
265,Walker Kessler,C,21,UTA,74,40,23,4,0,5.3,8.4
266,Braxton Key,SF,25,DET,3,0,3,0.3,0,0.3,0.3
267,Louis King,SF,23,PHI,1,0,29,8,4,2,4
268,Corey Kispert,SF,23,WAS,74,45,28.3,3.9,2.2,2.4,2.8
269,Maxi Kleber,C,31,DAL,37,5,25.1,2.1,1.1,2.8,3.6
270,Nathan Knight,PF,25,MIN,38,0,7.7,1.2,0.2,0.9,1.5
271,Kevin Knox,PF-SF,23,TOT,63,5,15.1,2.4,1,2.3,2.8
271,Kevin Knox,PF,23,DET,42,1,14.1,2,1,2.1,2.6
271,Kevin Knox,SF,23,POR,21,4,17.1,3.2,1,2.6,3.3
272,Christian Koloko,C,22,TOR,58,19,13.8,1.2,0,1.5,2.9
273,John Konchar,SG,26,MEM,72,23,20.8,1.9,0.8,3.4,4.3
274,Furkan Korkmaz,SG,25,PHI,37,0,9.5,1.3,0.5,1,1.1
275,Luke Kornet,C,27,BOS,69,0,11.7,1.6,0,1.6,2.9
276,Vit Krejci,PG,22,ATL,29,0,5.7,0.5,0.2,0.7,0.9
277,Jonathan Kuminga,PF,20,GSW,67,16,20.8,3.9,0.8,2.4,3.4
278,Kyle Kuzma,PF,27,WAS,64,64,35,8,2.5,6.4,7.2
279,Anthony Lamb,SF,25,GSW,62,4,19.3,2.4,1.2,2.6,3.5
280,Jock Landale,C,27,PHO,69,4,14.2,2.6,0.3,2.3,4.1
281,Romeo Langford,SG,23,SAS,43,21,19.6,2.8,0.4,1.3,2.7
282,Jake LaRavia,PF,21,MEM,35,0,11.8,1.1,0.7,1.3,1.8
283,Zach LaVine,SG,27,CHI,77,77,35.9,8.7,2.6,3.9,4.5
284,A.J. Lawson,SG,22,TOT,15,0,7.2,1.5,0.7,1,1.4
284,A.J. Lawson,SG,22,MIN,1,0,2,1,0,1,1
284,A.J. Lawson,SG,22,DAL,14,0,7.6,1.5,0.7,1,1.4
285,Damion Lee,SG,30,PHO,74,5,20.4,2.7,1.5,2.5,3
286,Saben Lee,PG,23,TOT,25,1,14.9,2,0.4,1.3,1.8
286,Saben Lee,PG,23,PHI,2,0,5,1.5,0,0,0
286,Saben Lee,PG,23,PHO,23,1,15.8,2,0.5,1.4,2
287,Alex Len,C,29,SAC,26,2,6.2,0.6,0,1.4,2.3
288,Kawhi Leonard,SF,31,LAC,52,50,33.6,8.6,2,5.4,6.5
289,Meyers Leonard,C,30,MIL,9,2,12.7,1.6,0.8,2.4,3.8
290,Caris LeVert,SG,28,CLE,74,30,30.2,4.3,1.7,3.1,3.8
291,Kira Lewis Jr.,PG,21,NOP,25,0,9.4,1.6,0.6,1.1,1.3
292,Damian Lillard,PG,32,POR,58,58,36.3,9.6,4.2,4,4.8
293,Nassir Little,SF,22,POR,54,4,18.1,2.5,1.1,2.1,2.6
294,Isaiah Livers,PF,24,DET,52,22,23.1,2.3,1.4,2.2,2.8
295,Kenneth Lofton Jr.,PF,20,MEM,24,1,7.3,2,0.3,1.3,2.1
296,Kevon Looney,C,26,GSW,82,70,23.9,3,0,5.9,9.3
297,Brook Lopez,C,34,MIL,78,78,30.4,6.1,1.7,4.7,6.7
298,Robin Lopez,C,34,CLE,37,2,8.1,1.3,0.1,0.8,1.4
299,Kevin Love,PF,34,TOT,62,20,20,2.7,1.6,5.5,6.4
299,Kevin Love,PF,34,CLE,41,3,20,2.7,1.7,5.8,6.8
299,Kevin Love,PF,34,MIA,21,17,20,2.6,1.4,4.9,5.7
300,Kyle Lowry,PG,36,MIA,55,44,31.2,3.6,1.9,3.3,4.1
301,Trey Lyles,PF,27,SAC,74,0,16.9,2.5,1.2,3.1,4.1
302,Théo Maledon,PG,21,CHO,44,7,19.4,2.3,0.6,2.5,2.8
303,Sandro Mamukelashvili,C,23,TOT,43,7,15.3,2.3,0.7,2.7,4.3
303,Sandro Mamukelashvili,C,23,MIL,24,0,9,0.8,0.3,1.6,2.3
303,Sandro Mamukelashvili,C,23,SAS,19,7,23.3,4.1,1.2,4.1,6.8
304,Terance Mann,SG,26,LAC,81,36,23.1,3.4,1,2.5,3.4
305,Tre Mann,PG,21,OKC,67,5,17.7,2.9,1.2,1.9,2.3
306,Boban Marjanovi?,C,34,HOU,31,0,5.5,1.3,0,1.3,1.9
307,Lauri Markkanen,SF,25,UTA,66,66,34.4,8.7,3,6.7,8.6
308,Naji Marshall,SF,25,NOP,77,21,23.3,3.2,0.9,3,3.6
309,Caleb Martin,PF,27,MIA,71,49,29.3,3.6,1.2,3.6,4.8
310,Cody Martin,SF,27,CHO,7,0,19.1,2,0.4,2.3,3.4
311,Kenyon Martin Jr.,SF,22,HOU,82,49,28,5,0.8,4,5.5
312,Tyrese Martin,SG,23,ATL,16,0,4.1,0.6,0.1,0.4,0.8
313,Garrison Mathews,SG,26,TOT,54,0,12.7,1.4,1.2,1.1,1.4
313,Garrison Mathews,SG,26,HOU,45,0,13.4,1.3,1.2,1.2,1.4
313,Garrison Mathews,SG,26,ATL,9,0,9.3,1.4,1.1,1.1,1.2
314,Bennedict Mathurin,SF,20,IND,78,17,28.5,5.3,1.3,3,4.1
315,Wesley Matthews,SG,36,MIL,52,0,15.8,1.1,0.8,1.5,2.2
316,Tyrese Maxey,SG,22,PHI,60,41,33.6,7.3,2.7,2.6,2.9
317,Skylar Mays,SG,25,POR,6,6,31.5,5.7,2,2.8,3.2
318,Miles McBride,PG,22,NYK,64,2,11.9,1.2,0.6,0.6,0.8
319,Mac McClung,SG,24,PHI,2,0,20.5,4.5,2,3.5,5
320,CJ McCollum,SG,31,NOP,75,75,35.3,7.8,2.8,3.6,4.4
321,T.J. McConnell,PG,30,IND,75,6,20.3,3.8,0.3,2.5,3.1
322,Jaden McDaniels,SF,22,MIN,79,79,30.6,4.7,1.4,2.7,3.9
323,Jalen McDaniels,SF,25,TOT,80,24,23.9,3.5,1,3.5,4.3
323,Jalen McDaniels,SF,25,CHO,56,21,26.7,3.9,1.2,4,4.8
323,Jalen McDaniels,SF,25,PHI,24,3,17.5,2.5,0.5,2.4,3.2
324,Doug McDermott,SF,31,SAS,64,0,20.5,3.7,1.9,1.8,2.2
325,JaVale McGee,C,35,DAL,42,7,8.5,1.9,0,1.8,2.5
326,Bryce McGowens,SG,20,CHO,46,7,17.1,1.7,0.6,1.6,2
327,Rodney McGruder,SG,31,DET,32,12,16.4,1.9,1.3,1.7,2.3
328,Jordan McLaughlin,PG,26,MIN,43,0,15.8,1.4,0.6,1.1,1.4
329,De'Anthony Melton,PG,24,PHI,77,58,27.9,3.6,2,3.2,4.1
330,Sam Merrill,SG,26,CLE,5,0,11.8,1.8,1,1.8,1.8
331,Chimezie Metu,C,25,SAC,66,0,10.4,2,0.1,2.3,3
332,Khris Middleton,SF,31,MIL,33,19,24.3,5.4,1.5,3.4,4.2
333,Patty Mills,PG,34,BRK,40,2,14.2,2.2,1.2,0.9,1.1
334,Shake Milton,SG,26,PHI,76,11,20.6,3.2,0.7,2,2.5
335,Justin Minaya,SF,23,POR,4,0,22.3,1.8,0.8,3,3.8
336,Josh Minott,SF,20,MIN,15,0,6.4,1.2,0.1,1.3,1.7
337,Davion Mitchell,PG,24,SAC,80,9,18.1,2.3,0.8,1.1,1.3
338,Donovan Mitchell,SG,26,CLE,68,68,35.8,10,3.6,3.3,4.3
339,Evan Mobley,PF,21,CLE,79,79,34.4,6.6,0.3,6.6,9
340,Isaiah Mobley,PF,23,CLE,13,0,6.5,0.9,0.2,1.2,1.5
341,Chima Moneke,SF,27,SAC,2,0,4,0.5,0,0,1
342,Malik Monk,SG,24,SAC,77,0,22.3,4.6,1.9,2.2,2.6
343,Moses Moody,SG,20,GSW,63,3,13,1.7,0.8,1.2,1.7
344,Xavier Moon,SG,28,LAC,4,0,5,0.8,0.3,0.8,0.8
345,Wendell Moore Jr.,SG,21,MIN,29,2,5.3,0.6,0.1,0.5,0.6
346,Ja Morant,PG,23,MEM,61,59,31.9,9.3,1.5,4.9,5.9
347,Marcus Morris,PF,33,LAC,65,65,28.1,4.2,1.7,3.5,4
348,Markieff Morris,PF,33,TOT,35,2,10.1,1.3,0.8,1.7,2
348,Markieff Morris,PF,33,BRK,27,1,10.6,1.2,0.7,1.7,2.2
348,Markieff Morris,PF,33,DAL,8,1,8.8,1.8,1,1.5,1.5
349,Monte Morris,PG,27,WAS,62,61,27.3,4,1.3,3,3.4
350,Trey Murphy III,SF,22,NOP,79,65,31,4.9,2.6,2.8,3.6
351,Dejounte Murray,SG,26,ATL,74,74,36.4,8.3,1.8,4.5,5.3
352,Jamal Murray,PG,25,DEN,65,65,32.8,7.3,2.6,3.2,4
353,Keegan Murray,SF,22,SAC,80,78,29.8,4.4,2.6,3.5,4.6
354,Mike Muscala,C,31,TOT,63,9,15,2.1,1.3,2.6,3.2
354,Mike Muscala,C,31,OKC,43,5,14.5,2.1,1.3,2.6,3.1
354,Mike Muscala,C,31,BOS,20,4,16.2,2.1,1.3,2.7,3.4
355,Svi Mykhailiuk,SF,25,TOT,32,8,14.6,2.4,1.3,1.2,1.7
355,Svi Mykhailiuk,SF,25,NYK,13,0,3.1,0.5,0.5,0.5,0.5
355,Svi Mykhailiuk,SF,25,CHO,19,8,22.5,3.7,1.9,1.6,2.4
356,Larry Nance Jr.,PF,30,NOP,65,1,21.2,2.9,0.2,3.8,5.4
357,Andrew Nembhard,SG,23,IND,75,63,27.6,3.8,1.2,2.2,2.7
358,Aaron Nesmith,SF,23,IND,73,60,24.9,3.5,1.6,2.9,3.8
359,Raul Neto,PG,30,CLE,48,1,10.5,1.2,0.3,0.8,1
360,Georges Niang,PF,29,PHI,78,1,19.4,2.8,2,2.1,2.4
361,Daishen Nix,PG,20,HOU,57,7,16,1.4,0.7,1.4,1.7
362,Zeke Nnaji,PF,22,DEN,53,5,13.7,2.1,0.3,1.4,2.6
363,Nerlens Noel,C,28,TOT,17,4,11.5,0.8,0.1,2.1,2.7
363,Nerlens Noel,C,28,DET,14,3,10.9,0.9,0.1,2.1,2.6
363,Nerlens Noel,C,28,BRK,3,1,14.3,0.3,0,2,3
364,Jaylen Nowell,SG,23,MIN,65,2,19.3,4.3,1,2.1,2.6
365,Frank Ntilikina,PG,24,DAL,47,5,12.9,1,0.4,1.2,1.3
366,Kendrick Nunn,SG-PG,27,TOT,70,2,13.8,2.7,1.1,1.3,1.6
366,Kendrick Nunn,SG,27,LAL,39,2,13.5,2.6,1.1,1.3,1.4
366,Kendrick Nunn,PG,27,WAS,31,0,14.1,2.9,1.2,1.4,1.7
367,Jusuf Nurki?,C,28,POR,52,52,26.8,5,0.8,6.9,9.1
368,Jordan Nwora,SF,24,TOT,62,14,19.2,3.1,1.4,2.9,3.7
368,Jordan Nwora,SF,24,MIL,38,3,15.7,2,1.1,2.3,3.1
368,Jordan Nwora,SF,24,IND,24,11,24.6,4.9,1.9,3.8,4.7
369,Royce O'Neale,SF,29,BRK,76,53,31.7,3,2.1,4.3,5.1
370,Chuma Okeke,SF,24,ORL,27,8,19.2,1.6,1,2.6,3.6
371,Josh Okogie,SG,24,PHO,72,26,18.8,2.3,0.9,2,3.5
372,Onyeka Okongwu,C,22,ATL,80,18,23.1,4,0.1,4.5,7.2
373,Isaac Okoro,SF,22,CLE,76,46,21.7,2.3,0.8,1.8,2.5
374,KZ Okpala,PF,23,SAC,35,3,7.1,0.5,0.2,0.8,1
375,Victor Oladipo,SG,30,MIA,42,2,26.3,3.8,1.7,2.7,3
376,Kelly Olynyk,C,31,UTA,68,68,28.6,4.1,1.4,5,6.2
377,Eugene Omoruyi,SF,25,TOT,40,6,16.1,2.5,0.6,1.7,2.8
377,Eugene Omoruyi,SF,25,OKC,23,2,11.8,1.9,0.3,1.3,2.3
377,Eugene Omoruyi,SF,25,DET,17,4,21.9,3.4,1,2.2,3.5
378,Cedi Osman,SF,27,CLE,77,2,20.1,3.1,1.5,2,2.3
379,Kelly Oubre Jr.,SF,27,CHO,48,40,32.3,7.4,2.3,3.8,5.2
380,Chris Paul,PG,37,PHO,59,59,32,5,1.7,3.8,4.3
381,Cameron Payne,PG,28,PHO,48,15,20.2,3.9,1.4,2,2.2
382,Gary Payton II,PG,30,TOT,22,1,16.7,1.9,0.6,2,3.1
382,Gary Payton II,PG,30,POR,15,1,17,1.6,0.6,1.9,2.6
382,Gary Payton II,PG,30,GSW,7,0,16,2.4,0.6,2.3,4.3
383,Theo Pinson,SG,27,DAL,40,1,8.1,0.8,0.6,1.3,1.6
384,Scotty Pippen Jr.,PG,22,LAL,6,0,5.3,0.7,0.2,0.3,0.7
385,Mason Plumlee,C,32,TOT,79,60,26,4.2,0,6,8.9
385,Mason Plumlee,C,32,CHO,56,56,28.5,4.7,0,6.3,9.7
385,Mason Plumlee,C,32,LAC,23,4,19.9,2.8,0,5.1,6.9
386,Jakob Poeltl,C,27,TOT,72,71,26.5,5.4,0,5.8,9.1
386,Jakob Poeltl,C,27,SAS,46,46,26.1,5.2,0,5.7,9
386,Jakob Poeltl,C,27,TOR,26,25,27.2,5.8,0,5.9,9.1
387,Aleksej Pokusevski,PF,21,OKC,34,25,20.6,3.2,1.1,3.4,4.7
388,Jordan Poole,PG,23,GSW,82,43,30,6.7,2.6,2.4,2.7
389,Kevin Porter Jr.,PG,22,HOU,59,59,34.3,6.6,2.4,4,5.3
390,Michael Porter Jr.,SF,24,DEN,62,62,29,6.4,3,4.5,5.5
391,Otto Porter Jr.,SF,29,TOR,8,2,18.3,1.9,0.8,1.6,2.4
392,Bobby Portis,PF,27,MIL,70,22,26,5.7,1.4,7.4,9.6
393,Kristaps Porzi??is,C,27,WAS,65,65,32.6,7.8,2.1,6.6,8.4
394,Micah Potter,PF,24,UTA,7,0,7.4,1.4,0.6,1.9,2.3
395,Dwight Powell,C,31,DAL,76,64,19.2,2.6,0,2.2,4.1
396,Norman Powell,SG,29,LAC,60,8,26.1,5.7,1.9,2.5,2.9
397,Jason Preston,PG,23,LAC,14,0,8.9,1.3,0.4,1.4,1.6
398,Joshua Primo,SG,20,SAS,4,0,23.3,2.3,0.8,2.8,3.3
399,Taurean Prince,SF,28,MIN,54,4,22.1,3.3,1.4,2.2,2.4
400,Payton Pritchard,PG,25,BOS,48,3,13.4,2.1,1.2,1.3,1.8
401,Trevelin Queen,SG,25,IND,7,0,10,1,0.3,1.3,2.4
402,Neemias Queta,C,23,SAC,5,0,5.8,1.2,0,1.2,2.2
403,Immanuel Quickley,PG,23,NYK,81,21,28.9,5.2,2.1,3.4,4.2
404,Lester Quinones,SG,22,GSW,4,0,4.5,0.5,0.5,0.5,0.8
405,Julius Randle,PF,28,NYK,77,77,35.5,8.5,2.8,8.1,10
406,Austin Reaves,SG,24,LAL,64,22,28.8,4,1.3,2.5,3
407,Cam Reddish,SF,23,TOT,40,20,24.8,3.5,1.1,1.8,2.2
407,Cam Reddish,SF,23,NYK,20,8,21.9,3.1,0.9,1.2,1.6
407,Cam Reddish,SF,23,POR,20,12,27.6,3.9,1.4,2.3,2.9
408,Davon Reed,SG,27,TOT,43,1,8,0.7,0.4,1.1,1.4
408,Davon Reed,SG,27,DEN,35,1,9,0.7,0.5,1.3,1.6
408,Davon Reed,SG,27,LAL,8,0,3.4,0.4,0.1,0.4,0.5
409,Paul Reed,C,23,PHI,69,2,10.9,1.8,0,2.2,3.8
410,Naz Reid,C,23,MIN,68,11,18.4,4.6,1.1,3.8,4.9
411,Jared Rhoden,SG,23,DET,14,0,14.1,1.2,0.4,1.9,2.6
412,Nick Richards,C,25,CHO,65,9,18.7,3,0,4.1,6.4
413,Josh Richardson,SG,29,TOT,65,10,23.5,3.7,1.6,2.1,2.7
413,Josh Richardson,SG,29,SAS,42,6,23.7,4.2,1.8,2.1,2.8
413,Josh Richardson,SG,29,NOP,23,4,23.2,2.7,1.4,2,2.4
414,Austin Rivers,SG,30,MIN,52,10,19.5,1.8,0.8,1.5,1.6
415,Duncan Robinson,SF,28,MIA,42,1,16.5,2.1,1.5,1.5,1.6
416,Mitchell Robinson,C,24,NYK,59,58,27,3.2,0,4.9,9.4
417,Orlando Robinson,C,22,MIA,31,1,13.7,1.5,0,2.5,4.1
418,Jeremiah Robinson-Earl,PF,22,OKC,43,20,18.9,2.6,0.9,2.5,4.2
419,Isaiah Roby,PF,24,SAS,42,2,11.3,1.6,0.4,2,2.5
420,David Roddy,PF,21,MEM,70,4,18,2.6,0.9,2,2.8
421,Ryan Rollins,PG,20,GSW,12,0,5.2,0.6,0.3,0.8,1
422,Derrick Rose,PG,34,NYK,27,0,12.5,2.3,0.7,1.2,1.5
423,Terrence Ross,SG,31,TOT,63,9,21.1,3.2,1.5,2.1,2.4
423,Terrence Ross,SG,31,ORL,42,9,22.5,3.1,1.5,1.8,2
423,Terrence Ross,SG,31,PHO,21,0,18.4,3.4,1.6,2.7,3.3
424,Terry Rozier,SG,28,CHO,63,63,35.3,7.8,2.6,3.3,4.1
425,Ricky Rubio,PG,32,CLE,33,2,17.2,1.8,0.6,1.8,2.1
426,D'Angelo Russell,PG,26,TOT,71,71,32.5,6.3,2.7,2.5,3
426,D'Angelo Russell,PG,26,MIN,54,54,32.9,6.3,2.7,2.5,3.1
426,D'Angelo Russell,PG,26,LAL,17,17,30.9,6.3,2.7,2.5,2.9
427,Matt Ryan,SF,25,TOT,34,0,9.1,1.2,0.9,0.6,0.8
427,Matt Ryan,SF,25,LAL,12,0,10.8,1.3,1.1,1,1.2
427,Matt Ryan,SF,25,MIN,22,0,8.2,1.1,0.9,0.5,0.5
428,Domantas Sabonis,C,26,SAC,79,79,34.6,7.3,0.4,9.1,12.3
429,Luka Šamani?,PF,23,UTA,7,4,23,3.7,1.1,4.3,4.3
430,Dario Šari?,PF,28,TOT,57,12,14.1,2.2,0.8,2.7,3.6
430,Dario Šari?,PF,28,PHO,37,12,14.4,2.1,0.7,2.8,3.8
430,Dario Šari?,PF,28,OKC,20,0,13.7,2.6,0.9,2.6,3.3
431,Olivier Sarr,C,23,OKC,9,1,12.7,1.7,0.1,2.1,3.4
432,Jordan Schakel,SF,24,WAS,2,0,3,0.5,0.5,0,0
433,Admiral Schofield,PF,25,ORL,37,0,12.2,1.5,0.6,1.1,1.7
434,Dennis Schröder,PG,29,LAL,66,50,30.1,4.1,1.1,2.2,2.5
435,Jay Scrubb,SG,22,ORL,2,0,15,2.5,1,3,3
436,Dereon Seabron,SG,22,NOP,5,0,2.4,0.4,0,0,0.2
437,Alperen Þengün,C,20,HOU,75,72,28.9,5.9,0.3,5.8,9
438,Collin Sexton,SG,24,UTA,48,15,23.9,4.9,1,1.4,2.2
439,Landry Shamet,SG,25,PHO,40,9,20.2,2.8,1.9,1.4,1.7
440,Day'Ron Sharpe,C,21,BRK,48,3,11.5,1.9,0.1,2.1,4.2
441,Shaedon Sharpe,SG,19,POR,80,15,22.2,3.8,1.3,2.2,3
442,Pascal Siakam,C,28,TOR,71,71,37.4,8.9,1.3,6,7.8
443,Chris Silva,PF,26,DAL,1,0,3,1,0,0,0
444,Ben Simmons,PG,26,BRK,42,33,26.3,3.2,0,5.3,6.3
445,Kobi Simmons,PG,25,CHO,5,0,5.6,0.2,0.2,0.6,0.8
446,Marko Simonovic,C,23,CHI,7,0,2.9,0.3,0.1,0.1,0.3
447,Anfernee Simons,SG,23,POR,62,62,35,7.5,3.4,2.3,2.6
448,Jericho Sims,C,24,NYK,52,16,15.6,1.6,0,2.8,4.7
449,Marcus Smart,PG,28,BOS,61,61,32.1,4.1,1.9,2.4,3.1
450,Dennis Smith Jr.,PG,25,CHO,54,15,25.7,3.4,0.4,2.6,3.1
451,Dru Smith,SG,25,TOT,15,1,10.5,1.2,0.3,1.5,1.6
451,Dru Smith,SG,25,MIA,5,1,13.4,1,0.2,1.6,1.8
451,Dru Smith,SG,25,BRK,10,0,9.1,1.3,0.4,1.4,1.5
452,Ish Smith,PG,34,DEN,43,0,9.3,1.2,0,1.1,1.3
453,Jabari Smith Jr.,PF,19,HOU,79,79,31,4.6,1.5,5.7,7.2
454,Jalen Smith,PF,22,IND,68,31,18.8,3.6,0.8,3.9,5.8
455,Xavier Sneed,SF,25,CHO,4,0,12,1.3,0.8,1.3,1.3
456,Jeremy Sochan,PF,19,SAS,56,53,26,4.5,0.6,3.6,5.3
457,Jaden Springer,SG,20,PHI,16,2,5.6,1.1,0.1,0.5,0.9
458,Lamar Stevens,PF,25,CLE,62,25,18.1,2.1,0.5,2.6,3.3
459,Isaiah Stewart,C,21,DET,50,47,28.3,3.9,1.3,5.8,8.1
460,Max Strus,SF,26,MIA,80,33,28.4,4.1,2.5,2.6,3.2
461,Jalen Suggs,PG,21,ORL,53,19,23.5,3.5,1.2,2,3
462,Edmond Sumner,SG,27,BRK,53,12,13.9,2.3,0.6,1.2,1.5
463,Cole Swider,SF,23,LAL,7,0,5.9,0.4,0.4,0.9,1
464,Jae'Sean Tate,SF,27,HOU,31,7,21.8,3.5,0.4,2.5,3.8
465,Jayson Tatum,PF,24,BOS,74,74,36.9,9.8,3.2,7.7,8.8
466,Terry Taylor,PF,23,TOT,31,2,8.5,1.3,0.2,0.6,1.5
466,Terry Taylor,PF,23,IND,26,2,8.8,1.2,0.2,0.7,1.5
466,Terry Taylor,PF,23,CHI,5,0,7.2,1.8,0.2,0.6,1.6
467,Garrett Temple,SG,36,NOP,25,0,6.5,0.7,0.4,0.5,0.7
468,Dalen Terry,SG,20,CHI,38,0,5.6,0.8,0.2,0.7,1
469,Daniel Theis,C,30,IND,7,1,15.6,3,0.3,2.1,3.1
470,Cam Thomas,SG,21,BRK,57,4,16.6,3.5,0.9,1.5,1.7
471,Klay Thompson,SG,32,GSW,69,69,33,7.9,4.4,3.6,4.1
472,JT Thor,PF,20,CHO,69,8,14,1.4,0.6,1.7,2.2
473,Matisse Thybulle,SG,25,TOT,71,28,16.9,1.5,0.8,1.4,2
473,Matisse Thybulle,SG,25,PHI,49,6,12.1,1,0.4,0.9,1.3
473,Matisse Thybulle,SG,25,POR,22,22,27.7,2.7,1.5,2.6,3.5
474,Xavier Tillman Sr.,PF,24,MEM,61,29,19.3,3.1,0.1,3,5
475,Isaiah Todd,PF,21,WAS,6,1,10.2,0.5,0.2,1.7,2
476,Obi Toppin,PF,24,NYK,67,5,15.7,2.8,1.3,2.4,2.8
477,Juan Toscano-Anderson,SF,29,TOT,52,9,13.5,1.2,0.2,1.8,2.4
477,Juan Toscano-Anderson,SF,29,LAL,30,7,12.2,1.1,0.1,1.6,2
477,Juan Toscano-Anderson,SF,29,UTA,22,2,15.2,1.4,0.2,2.2,2.9
478,Karl-Anthony Towns,PF,27,MIN,29,29,33,7.3,2.1,6.5,8.1
479,Gary Trent Jr.,SG,24,TOR,66,44,32.1,6.1,2.5,2.2,2.6
480,P.J. Tucker,PF,37,PHI,75,75,25.6,1.3,0.7,2.7,3.9
481,Myles Turner,C,26,IND,62,62,29.4,6.5,1.5,6.1,7.5
482,Stanley Umude,SG,23,DET,1,0,2,0,0,0,0
483,Jonas Valan?i?nas,C,30,NOP,79,79,24.9,5.6,0.5,7.3,10.2
484,Jarred Vanderbilt,PF,23,TOT,78,65,24.1,3.2,0.4,5.3,7.5
484,Jarred Vanderbilt,PF,23,UTA,52,41,24.1,3.3,0.4,5.5,7.9
484,Jarred Vanderbilt,PF,23,LAL,26,24,24,2.8,0.4,4.8,6.7
485,Fred VanVleet,PG,28,TOR,69,69,36.7,6.3,3,3.6,4.1
486,Devin Vassell,SG,22,SAS,38,32,31,6.9,2.7,3.7,3.9
487,Gabe Vincent,PG,26,MIA,68,34,25.9,3.4,1.7,1.7,2.1
488,Noah Vonleh,C,27,BOS,23,1,7.4,0.5,0,1.3,2.1
489,Nikola Vu?evi?,C,32,CHI,82,82,33.5,7.3,1.5,9.1,11
490,Dean Wade,PF,26,CLE,44,13,20.3,1.7,1,3,3.4
491,Franz Wagner,SF,21,ORL,80,80,32.6,6.8,1.6,3.2,4.1
492,Moritz Wagner,C,25,ORL,57,18,19.5,3.5,0.9,3.3,4.5
493,Ish Wainright,SF,28,PHO,60,2,15.3,1.4,1,1.6,2.3
494,Jabari Walker,SF,20,POR,56,0,11.1,1.5,0.3,1.5,2.3
495,Kemba Walker,PG,32,DAL,9,1,16,2.7,0.8,1.4,1.8
496,Lonnie Walker IV,SG,24,LAL,56,32,23.2,4.2,1.6,1.7,1.9
497,John Wall,PG,32,LAC,34,3,22.2,4.1,1,2.3,2.7
498,T.J. Warren,PF-SF,29,TOT,42,0,16.4,3.1,0.5,2.3,2.9
498,T.J. Warren,PF,29,BRK,26,0,18.8,3.9,0.6,2.3,2.8
498,T.J. Warren,SF,29,PHO,16,0,12.3,1.9,0.4,2.3,3.1
499,Duane Washington Jr.,SG,22,PHO,31,3,12.7,3,1.3,1.1,1.2
500,P.J. Washington,PF,24,CHO,73,73,32.6,5.9,2,3.9,4.9
501,TyTy Washington Jr.,PG,21,HOU,31,2,14,1.9,0.6,1.4,1.5
502,Yuta Watanabe,SF,28,BRK,58,1,16,2,1,1.9,2.4
503,Lindy Waters III,SG,25,OKC,41,0,13,1.7,1.4,1.4,1.8
504,Trendon Watford,PF,22,POR,62,12,19.1,2.9,0.4,3.2,3.8
505,Peyton Watson,SG,20,DEN,23,2,8.1,1.3,0.3,1.3,1.6
506,Blake Wesley,SG,19,SAS,37,1,18.1,1.9,0.5,1.9,2.2
507,Russell Westbrook,PG,34,TOT,73,24,29.1,5.9,1.2,4.6,5.8
507,Russell Westbrook,PG,34,LAL,52,3,28.7,5.8,1.2,5,6.2
507,Russell Westbrook,PG,34,LAC,21,21,30.2,6.1,1.2,3.4,4.9
508,Coby White,SG,22,CHI,74,2,23.4,3.6,1.7,2.6,2.9
509,Derrick White,SG,28,BOS,82,70,28.3,4.3,1.8,2.9,3.6
510,Jack White,SF,25,DEN,17,0,3.9,0.5,0.2,0.6,1
511,Joe Wieskamp,SF,23,TOR,9,0,5.6,0.3,0.3,0.4,0.4
512,Aaron Wiggins,SG,24,OKC,70,14,18.5,2.7,0.7,2,3
513,Andrew Wiggins,SF,27,GSW,37,37,32.2,6.8,2.4,3.4,5
514,Lindell Wigginton,PG,24,MIL,7,1,12.4,2.6,0.9,1,1
515,Alondes Williams,SG,23,BRK,1,0,5,0,0,1,1
516,Donovan Williams,SG,21,ATL,2,0,2,1,0,1,1
517,Grant Williams,PF,24,BOS,79,23,25.9,2.7,1.5,3.5,4.6
518,Jalen Williams,SG,21,OKC,75,62,30.3,5.5,1,3.4,4.5
519,Jaylin Williams,PF,20,OKC,49,36,18.7,2.1,0.9,4,4.9
520,Jeenathan Williams,SG,23,POR,5,4,25.4,4.8,0.6,1,3
521,Kenrich Williams,PF,28,OKC,53,10,22.8,3.4,0.9,3.1,4.9
522,Mark Williams,C,21,CHO,43,17,19.3,3.7,0,4.9,7.1
523,Patrick Williams,PF,21,CHI,82,65,28.3,3.8,1.4,3,4
524,Robert Williams,C,25,BOS,35,20,23.5,3.6,0,5.4,8.3
525,Vince Williams Jr.,SG,22,MEM,15,1,7,0.8,0.3,0.7,1
526,Ziaire Williams,SF,21,MEM,37,4,15.2,2.3,0.7,1.7,2.1
527,Zion Williamson,PF,22,NOP,29,29,33,9.8,0.2,5,7
528,Dylan Windler,SF,26,CLE,3,0,3.3,0.7,0.3,0,0
529,Justise Winslow,SF,26,POR,29,11,26.8,2.8,0.5,3.3,5
530,James Wiseman,C,21,TOT,45,22,19.3,4.2,0.1,4.3,5.9
530,James Wiseman,C,21,GSW,21,0,12.5,2.8,0,2.6,3.5
530,James Wiseman,C,21,DET,24,22,25.2,5.4,0.1,5.8,8.1
531,Christian Wood,C,27,DAL,67,17,25.9,5.9,1.6,6,7.3
532,Delon Wright,PG,30,WAS,50,14,24.4,2.8,0.8,2.4,3.6
533,McKinley Wright IV,PG,24,DAL,27,1,12.4,1.7,0.3,1.4,1.7
534,Gabe York,SG,29,IND,3,0,18.7,2.7,2,2,2
535,Thaddeus Young,PF,34,TOR,54,9,14.7,2,0.1,1.8,3.1
536,Trae Young,PG,24,ATL,73,73,34.8,8.2,2.1,2.2,3
537,Omer Yurtseven,C,24,MIA,9,0,9.2,1.8,0.3,1.7,2.6
538,Cody Zeller,C,30,MIA,15,2,14.5,2.5,0,2.6,4.3
539,Ivica Zubac,C,25,LAC,76,76,28.6,4.3,0,6.8,9.9